Configuration,Term,J,Prefix,Level (Hartree),Suffix,Uncertainty (Hartree),Lande,Leading percentages,Reference
"=""3d10.4s""","=""2S""","=""1/2""","=""""","=""0.00000000""","=""""","=""0""","=""2.00""","=""                                                    ""","=""L10559"""
"=""3d9.4s2""","=""2D""","=""5/2""","=""""","=""0.05104288""","=""""","=""0.00000010""","=""1.23""","=""                                                    ""","=""L10559c152"""
"=""3d9.4s2""","=""2D""","=""3/2""","=""""","=""0.06035068""","=""""","=""0.00000009""","=""0.80""","=""                                                    ""","=""L10559c152"""
"=""3d10.4p""","=""2P*""","=""1/2""","=""""","=""0.13912917""","=""""","=""0.00000009""","=""0.68""","=""  96             :     4  3d9.(2D).4s.4p.(1P*) 2P*  ""","=""L10559c152"""
"=""3d10.4p""","=""2P*""","=""3/2""","=""""","=""0.14026084""","=""""","=""0.00000008""","=""1.33""","=""  96             :     4  3d9.(2D).4s.4p.(1P*) 2P*  ""","=""L10559c152"""
"=""3d9.(2D).4s.4p.(3P*)""","=""4P*""","=""5/2""","=""""","=""0.17778223""","=""""","=""0.00000014""","=""1.600""","=""  98                                                ""","=""L10559c152"""
"=""3d9.(2D).4s.4p.(3P*)""","=""4P*""","=""3/2""","=""""","=""0.18277288""","=""""","=""0.00000014""","=""1.75""","=""  96                                                ""","=""L10559c152"""
"=""3d9.(2D).4s.4p.(3P*)""","=""4P*""","=""1/2""","=""""","=""0.18655359""","=""""","=""0.00000014""","=""2.62""","=""  97                                                ""","=""L10559c152"""
"=""3d9.(2D).4s.4p.(3P*)""","=""4F*""","=""9/2""","=""""","=""0.18639585""","=""""","=""0.00000023""","=""1.3340""","="" 100                                                ""","=""L10559c152"""
"=""3d9.(2D).4s.4p.(3P*)""","=""4F*""","=""7/2""","=""""","=""0.18750901""","=""""","=""0.00000014""","=""1.26""","=""  89             :     8  3d9.(2D).4s.4p.(3P*) 2F*  ""","=""L10559c152"""
"=""3d9.(2D).4s.4p.(3P*)""","=""4F*""","=""5/2""","=""""","=""0.18937464""","=""""","=""0.00000014""","=""""","=""  81             :    16  3d9.(2D).4s.4p.(3P*) 2F*  ""","=""L10559c152"""
"=""3d9.(2D).4s.4p.(3P*)""","=""4F*""","=""3/2""","=""""","=""0.19274474""","=""""","=""0.00000014""","=""0.44""","=""  95                                                ""","=""L10559c152"""
"=""3d10.5s""","=""2S""","=""1/2""","=""""","=""0.19654768""","=""""","=""0.00000008""","=""""","=""                                                    ""","=""L18473c152"""
"=""3d9.(2D).4s.4p.(3P*)""","=""4D*""","=""7/2""","=""""","=""0.19826442""","=""""","=""0.00000014""","=""1.45""","=""  87             :    11  3d9.(2D).4s.4p.(3P*) 2F*  ""","=""L10559c152"""
"=""3d9.(2D).4s.4p.(3P*)""","=""4D*""","=""5/2""","=""""","=""0.20233008""","=""""","=""0.00000014""","=""1.43""","=""  43             :    33  3d9.(2D).4s.4p.(3P*) 2F*  ""","=""L10559c152"""
"=""3d9.(2D).4s.4p.(3P*)""","=""4D*""","=""3/2""","=""""","=""0.20295813""","=""""","=""0.00000014""","=""1.09""","=""  65             :    26  3d9.(2D).4s.4p.(3P*) 2D*  ""","=""L10559c152"""
"=""3d9.(2D).4s.4p.(3P*)""","=""4D*""","=""1/2""","=""""","=""0.20465090""","=""""","=""0.00000018""","=""0.00""","=""  64             :    33  3d9.(2D).4s.4p.(3P*) 2P*  ""","=""L10559c152"""
"=""3d9.(2D).4s.4p.(3P*)""","=""2F*""","=""5/2""","=""""","=""0.19923141""","=""""","=""0.00000014""","=""""","=""  51             :    38  3d9.(2D).4s.4p.(3P*) 4D*  ""","=""L10559c152"""
"=""3d9.(2D).4s.4p.(3P*)""","=""2F*""","=""7/2""","=""""","=""0.20486769""","=""""","=""0.00000014""","=""1.22""","=""  78             :    11  3d9.(2D).4s.4p.(3P*) 4F*  ""","=""L10559c152"""
"=""3d9.(2D).4s.4p.(3P*)""","=""2P*""","=""1/2""","=""""","=""0.20877556""","=""""","=""0.00000014""","=""""","=""  65             :    33  3d9.(2D).4s.4p.(3P*) 4D*  ""","=""L10559c152"""
"=""3d9.(2D).4s.4p.(3P*)""","=""2P*""","=""3/2""","=""""","=""0.20904156""","=""""","=""0.00000014""","=""1.22""","=""  55             :    35  3d9.(2D).4s.4p.(3P*) 2D*  ""","=""L10559c152"""
"=""3d9.(2D).4s.4p.(3P*)""","=""*""","=""3/2""","=""""","=""0.21037917""","=""""","=""0.00000014""","=""0.69""","=""  40  2P*        :    36  3d9.(2D).4s.4p.(3P*) 2D*  ""","=""L10559c152"""
"=""3d9.(2D).4s.4p.(3P*)""","=""2D*""","=""5/2""","=""""","=""0.21231770""","=""""","=""0.00000014""","=""1.22""","=""  83             :    15  3d9.(2D).4s.4p.(3P*) 4D*  ""","=""L10559c152"""
"=""3d10.5p""","=""2P*""","=""3/2""","=""""","=""0.22500525""","=""""","=""0.00000008""","=""""","=""                                                    ""","=""L18473c152"""
"=""3d10.5p""","=""2P*""","=""1/2""","=""""","=""0.22500671""","=""""","=""0.00000003""","=""""","=""                                                    ""","=""L18473c152"""
"=""3d10.4d""","=""2D""","=""3/2""","=""""","=""0.22752149""","=""""","=""0.00000006""","=""0.82""","=""                                                    ""","=""L18473c152,L10559"""
"=""3d10.4d""","=""2D""","=""5/2""","=""""","=""0.22755273""","=""""","=""0.00000006""","=""1.19""","=""                                                    ""","=""L18473c152,L10559"""
"=""3d10.6s""","=""2S""","=""1/2""","=""""","=""0.240796627""","=""""","=""0.000000014""","=""1.99""","=""                                                    ""","=""L18473c152,L10559"""
"=""3d10.6p""","=""2P*""","=""3/2""","=""""","=""0.249614567""","=""""","=""0.000000023""","=""""","=""                                                    ""","=""L18473c152"""
"=""3d10.6p""","=""2P*""","=""1/2""","=""""","=""0.25072493""","=""""","=""0.00000003""","=""""","=""                                                    ""","=""L18473c152"""
"=""3d10.5d""","=""2D""","=""3/2""","=""""","=""0.252364780""","=""""","=""0.000000023""","=""0.77""","=""                                                    ""","=""L18473c152,L10559"""
"=""3d10.5d""","=""2D""","=""5/2""","=""""","=""0.252381319""","=""""","=""0.000000023""","=""1.22""","=""                                                    ""","=""L18473c152,L10559"""
"=""3d10.4f""","=""2F*""","=""7/2""","=""""","=""0.252541052""","=""""","=""0.00000006""","=""""","=""                                                    ""","=""L18473c152"""
"=""3d10.4f""","=""2F*""","=""5/2""","=""""","=""0.252554564""","=""""","=""0.00000006""","=""""","=""                                                    ""","=""L18473c152"""
"=""3d9.(2D).4s.4p.(1P*)""","=""2F*""","=""7/2""","=""""","=""0.2552910""","=""""","=""0.0000003""","=""""","=""  94             :     2  3d8.(3F).4s2.4p      2F*  ""","=""L10559c152"""
"=""3d9.(2D).4s.4p.(1P*)""","=""2F*""","=""5/2""","=""""","=""0.2648113""","=""""","=""0.0000003""","=""""","=""  80             :    14  3d9.(2D).4s.4p.(1P*) 2D*  ""","=""L10559c152"""
"=""3d9.(2D).4s.4p.(1P*)""","=""2P*""","=""3/2""","=""""","=""0.25672042""","=""""","=""0.00000023""","=""""","=""  92             :     4  3d8.(3P).4s2.4p      2P*  ""","=""L10559c152"""
"=""3d9.(2D).4s.4p.(1P*)""","=""2P*""","=""1/2""","=""""","=""0.2659290""","=""""","=""0.0000003""","=""""","=""  96             :     4  3d8.(3P).4s2.4p      2P*  ""","=""L10559c152"""
"=""3d9.(2D).4s.4p.(1P*)""","=""2D*""","=""5/2""","=""""","=""0.25812282""","=""""","=""0.00000018""","=""1.17""","=""  75             :    15  3d9.(2D).4s.4p.(1P*) 2F*  ""","=""L10559c152"""
"=""3d9.(2D).4s.4p.(1P*)""","=""2D*""","=""3/2""","=""""","=""0.26741546""","=""""","=""0.00000023""","=""""","=""  87             :     6  3d8.(3F).4s2.4p      2D*  ""","=""L10559c152"""
"=""3d10.7s""","=""2S""","=""1/2""","=""""","=""0.25821379""","=""""","=""0.00000006""","=""""","=""                                                    ""","=""L18473c152"""
"=""3d10.7p""","=""2P*""","=""1/2""","=""""","=""0.26162131""","=""""","=""0.00000023""","=""""","=""                                                    ""","=""L10559c152"""
"=""3d10.7p""","=""2P*""","=""3/2""","=""""","=""0.26403310""","=""""","=""0.00000008""","=""""","=""                                                    ""","=""L18473c152"""
"=""3d10.6d""","=""2D""","=""3/2""","=""""","=""0.26377989""","=""""","=""0.00000004""","=""""","=""                                                    ""","=""L18473c152"""
"=""3d10.6d""","=""2D""","=""5/2""","=""""","=""0.26378914""","=""""","=""0.00000005""","=""""","=""                                                    ""","=""L18473c152"""
"=""3d10.5f""","=""2F*""","=""5/2""","=""""","=""0.26383513""","=""""","=""0.00000003""","=""""","=""                                                    ""","=""L18473c152"""
"=""3d10.5f""","=""2F*""","=""7/2""","=""""","=""0.26386810""","=""""","=""0.00000003""","=""""","=""                                                    ""","=""L18473c152"""
"=""3d10.5g""","=""2G""","=""9/2""","=""""","=""0.26392175""","=""""","=""0.00000006""","=""""","=""                                                    ""","=""L18473c152"""
"=""3d10.5g""","=""2G""","=""7/2""","=""""","=""0.26392175""","=""""","=""0.00000006""","=""""","=""                                                    ""","=""L18473c152"""
"=""3d10.8s""","=""2S""","=""1/2""","=""""","=""0.2668595""","=""""","=""0.0000005""","=""""","=""                                                    ""","=""L10559c152"""
"=""3d10.7d""","=""2D""","=""3/2""","=""""","=""0.26995981""","=""""","=""0.00000010""","=""""","=""                                                    ""","=""L18473c152"""
"=""3d10.7d""","=""2D""","=""5/2""","=""""","=""0.26996542""","=""""","=""0.00000008""","=""""","=""                                                    ""","=""L18473c152"""
"=""3d10.6f""","=""2F*""","=""7/2""","=""""","=""0.27000552""","=""""","=""0.00000010""","=""""","=""                                                    ""","=""L18473c152"""
"=""3d10.6f""","=""2F*""","=""5/2""","=""""","=""0.27000783""","=""""","=""0.00000009""","=""""","=""                                                    ""","=""L18473c152"""
"=""3d10.6g""","=""2G""","=""9/2""","=""""","=""0.27003901""","=""""","=""0.00000005""","=""""","=""                                                    ""","=""L18473c152"""
"=""3d10.6g""","=""2G""","=""7/2""","=""""","=""0.27003901""","=""""","=""0.00000005""","=""""","=""                                                    ""","=""L18473c152"""
"=""3d10.6h""","=""2H*""","=""9/2,11/2""","=""""","=""0.27004679""","=""""","=""0.00000007""","=""""","=""                                                    ""","=""L18473c152"""
"=""3d10.8p""","=""2P*""","=""3/2""","=""""","=""0.27007673""","=""""","=""0.00000023""","=""""","=""                                                    ""","=""L10559c152"""
"=""3d10.8p""","=""2P*""","=""1/2""","=""""","=""0.2702942""","=""""","=""0.0000003""","=""""","=""                                                    ""","=""L10559c152"""
"=""3d10.9s""","=""2S""","=""1/2""","=""""","=""0.2717757""","=""""","=""0.0000005""","=""""","=""                                                    ""","=""L10559c152"""
"=""3d10.8d""","=""2D""","=""3/2""","=""""","=""0.2736786""","=""""","=""0.0000007""","=""""","=""                                                    ""","=""L10559"""
"=""3d10.8d""","=""2D""","=""5/2""","=""""","=""0.2736826""","=""""","=""0.0000006""","=""""","=""                                                    ""","=""L10559c152"""
"=""3d10.9p""","=""2P*""","=""3/2""","=""""","=""0.27369983""","=""""","=""0.00000023""","=""""","=""                                                    ""","=""L10559c152"""
"=""3d10.9p""","=""2P*""","=""1/2""","=""""","=""0.2737666""","=""""","=""0.0000003""","=""""","=""                                                    ""","=""L10559c152"""
"=""3d10.7f""","=""2F*""","=""7/2""","=""""","=""0.27370578""","=""""","=""0.00000005""","=""""","=""                                                    ""","=""L18473c152"""
"=""3d10.7f""","=""2F*""","=""5/2""","=""""","=""0.27370650""","=""""","=""0.00000006""","=""""","=""                                                    ""","=""L18473c152"""
"=""3d10.7g""","=""2G""","=""9/2""","=""""","=""0.27372755""","=""""","=""0.00000007""","=""""","=""                                                    ""","=""L18473c152"""
"=""3d10.7g""","=""2G""","=""7/2""","=""""","=""0.27372755""","=""""","=""0.00000007""","=""""","=""                                                    ""","=""L18473c152"""
"=""3d10.7h""","=""2H*""","=""9/2,11/2""","=""""","=""0.27373259""","=""""","=""0.00000014""","=""""","=""                                                    ""","=""L18473c152"""
"=""3d10.8f""","=""2F*""","=""5/2""","=""""","=""0.27608553""","=""""","=""0.00000023""","=""""","=""                                                    ""","=""L10559c152"""
"=""3d10.9d""","=""2D""","=""3/2""","=""""","=""0.2760889""","=""""","=""0.0000007""","=""""","=""                                                    ""","=""L10559c152"""
"=""3d10.9d""","=""2D""","=""5/2""","=""""","=""0.2760912""","=""""","=""0.0000004""","=""""","=""                                                    ""","=""L10559c152"""
"=""3d10.10p""","=""2P*""","=""3/2""","=""""","=""0.27609159""","=""""","=""0.00000018""","=""""","=""                                                    ""","=""L10559c152"""
"=""3d10.10p""","=""2P*""","=""1/2""","=""""","=""0.2761193""","=""""","=""0.0000003""","=""""","=""                                                    ""","=""L10559c152"""
"=""3d10.11p""","=""2P*""","=""3/2""","=""""","=""0.27773743""","=""""","=""0.00000018""","=""""","=""                                                    ""","=""L10559c152"""
"=""3d10.11p""","=""2P*""","=""1/2""","=""""","=""0.2777513""","=""""","=""0.0000003""","=""""","=""                                                    ""","=""L10559c152"""
"=""3d10.10d""","=""2D""","=""3/2""","=""""","=""0.2777401""","=""""","=""0.0000007""","=""""","=""                                                    ""","=""L10559c152"""
"=""3d10.10d""","=""2D""","=""5/2""","=""""","=""0.2777420""","=""""","=""0.0000009""","=""""","=""                                                    ""","=""L10559c152"""
"=""3d10.12p""","=""2P*""","=""3/2""","=""""","=""0.2789167""","=""""","=""0.0000004""","=""""","=""                                                    ""","=""L10559"""
"=""3d10.12p""","=""2P*""","=""1/2""","=""""","=""0.2789245""","=""""","=""0.0000003""","=""""","=""                                                    ""","=""L10559c152"""
"=""3d10.11d""","=""2D""","=""5/2""","=""""","=""0.2789215""","=""""","=""0.0000014""","=""""","=""                                                    ""","=""L10559c152"""
"=""3d10.13p""","=""2P*""","=""3/2""","=""""","=""0.2797897""","=""""","=""0.0000003""","=""""","=""                                                    ""","=""L10559"""
"=""3d10.13p""","=""2P*""","=""1/2""","=""""","=""0.2797931""","=""""","=""0.0000004""","=""""","=""                                                    ""","=""L10559c152"""
"=""3d10.14p""","=""2P*""","=""3/2""","=""""","=""0.2804536""","=""""","=""0.0000006""","=""""","=""                                                    ""","=""L10559c152"""
"=""3d10.14p""","=""2P*""","=""1/2""","=""""","=""0.2804547""","=""""","=""0.0000009""","=""""","=""                                                    ""","=""L10559c152"""
"=""3d10.15p""","=""2P*""","=""3/2""","=""""","=""0.2809703""","=""""","=""0.0000009""","=""""","=""                                                    ""","=""L10559c152"""
"=""3d10.15p""","=""2P*""","=""1/2""","=""""","=""0.2809705""","=""""","=""0.0000010""","=""""","=""                                                    ""","=""L10559c152"""
"=""3d10.16p""","=""2P*""","=""3/2""","=""""","=""0.2813797""","=""""","=""0.0000009""","=""""","=""                                                    ""","=""L10559c152"""
"=""3d10.16p""","=""2P*""","=""1/2""","=""""","=""0.2813799""","=""""","=""0.0000010""","=""""","=""                                                    ""","=""L10559c152"""
"=""3d10.17p""","=""2P*""","=""1/2,3/2""","=""""","=""0.2817102""","=""""","=""0.0000004""","=""""","=""                                                    ""","=""L10559"""
"=""3d10.18p""","=""2P*""","=""1/2,3/2""","=""""","=""0.2819804""","=""""","=""0.0000004""","=""""","=""                                                    ""","=""L10559"""
"=""3d10.19p""","=""2P*""","=""1/2,3/2""","=""""","=""0.2822043""","=""""","=""0.0000004""","=""""","=""                                                    ""","=""L10559"""
"=""3d10.20s""","=""2S""","=""1/2""","=""""","=""0.2822909""","=""""","=""0.0000014""","=""""","=""                                                    ""","=""L10559c152"""
"=""3d10.20p""","=""2P*""","=""1/2,3/2""","=""""","=""0.2823920""","=""""","=""0.0000004""","=""""","=""                                                    ""","=""L10559c152"""
"=""3d10.21s""","=""2S""","=""1/2""","=""""","=""0.2824645""","=""""","=""0.0000014""","=""""","=""                                                    ""","=""L10559c152"""
"=""3d10.21p""","=""2P*""","=""1/2,3/2""","=""""","=""0.2825507""","=""""","=""0.0000004""","=""""","=""                                                    ""","=""L10559c152"""
"=""3d10.22s""","=""2S""","=""1/2""","=""""","=""0.2826117""","=""""","=""0.0000014""","=""""","=""                                                    ""","=""L10559c152"""
"=""3d10.22p""","=""2P*""","=""1/2,3/2""","=""""","=""0.2826862""","=""""","=""0.0000004""","=""""","=""                                                    ""","=""L10559c152"""
"=""3d10.23s""","=""2S""","=""1/2""","=""""","=""0.2827388""","=""""","=""0.0000014""","=""""","=""                                                    ""","=""L10559c152"""
"=""3d10.23p""","=""2P*""","=""1/2,3/2""","=""""","=""0.2828027""","=""""","=""0.0000004""","=""""","=""                                                    ""","=""L10559c152"""
"=""3d10.24s""","=""2S""","=""1/2""","=""""","=""0.2828480""","=""""","=""0.0000007""","=""""","=""                                                    ""","=""L10559"""
"=""3d10.24p""","=""2P*""","=""1/2,3/2""","=""""","=""0.2829036""","=""""","=""0.0000004""","=""""","=""                                                    ""","=""L10559c152"""
"=""3d10.25s""","=""2S""","=""1/2""","=""""","=""0.2829434""","=""""","=""0.0000014""","=""""","=""                                                    ""","=""L10559c152"""
"=""3d10.25p""","=""2P*""","=""1/2,3/2""","=""""","=""0.2829918""","=""""","=""0.0000004""","=""""","=""                                                    ""","=""L10559"""
"=""3d10.26s""","=""2S""","=""1/2""","=""""","=""0.2830275""","=""""","=""0.0000004""","=""""","=""                                                    ""","=""L10559c152"""
"=""3d10.26p""","=""2P*""","=""1/2,3/2""","=""""","=""0.2830692""","=""""","=""0.0000004""","=""""","=""                                                    ""","=""L10559c152"""
"=""3d10.27s""","=""2S""","=""1/2""","=""""","=""0.2830992""","=""""","=""0.0000014""","=""""","=""                                                    ""","=""L10559c152"""
"=""3d10.27p""","=""2P*""","=""1/2,3/2""","=""""","=""0.2831372""","=""""","=""0.0000004""","=""""","=""                                                    ""","=""L10559c152"""
"=""3d10.28s""","=""2S""","=""1/2""","=""""","=""0.2831645""","=""""","=""0.0000004""","=""""","=""                                                    ""","=""L10559c152"""
"=""3d10.28p""","=""2P*""","=""1/2,3/2""","=""""","=""0.2831980""","=""""","=""0.0000004""","=""""","=""                                                    ""","=""L10559c152"""
"=""3d10.29s""","=""2S""","=""1/2""","=""""","=""0.2832216""","=""""","=""0.0000004""","=""""","=""                                                    ""","=""L10559"""
"=""3d10.29p""","=""2P*""","=""1/2,3/2""","=""""","=""0.2832520""","=""""","=""0.0000004""","=""""","=""                                                    ""","=""L10559c152"""
"=""3d10.30s""","=""2S""","=""1/2""","=""""","=""0.2832737""","=""""","=""0.0000004""","=""""","=""                                                    ""","=""L10559"""
"=""3d10.30p""","=""2P*""","=""1/2,3/2""","=""""","=""0.2833003""","=""""","=""0.0000004""","=""""","=""                                                    ""","=""L10559c152"""
"=""3d10.31s""","=""2S""","=""1/2""","=""""","=""0.2833197""","=""""","=""0.0000004""","=""""","=""                                                    ""","=""L10559"""
"=""3d10.31p""","=""2P*""","=""1/2,3/2""","=""""","=""0.2833436""","=""""","=""0.0000004""","=""""","=""                                                    ""","=""L10559c152"""
"=""3d10.32s""","=""2S""","=""1/2""","=""""","=""0.2833610""","=""""","=""0.0000004""","=""""","=""                                                    ""","=""L10559"""
"=""3d10.32p""","=""2P*""","=""1/2,3/2""","=""""","=""0.2833829""","=""""","=""0.0000004""","=""""","=""                                                    ""","=""L10559c152"""
"=""3d10.33s""","=""2S""","=""1/2""","=""""","=""0.2833983""","=""""","=""0.0000004""","=""""","=""                                                    ""","=""L10559"""
"=""3d10.33p""","=""2P*""","=""1/2,3/2""","=""""","=""0.2834184""","=""""","=""0.0000004""","=""""","=""                                                    ""","=""L10559c152"""
"=""3d10.34s""","=""2S""","=""1/2""","=""""","=""0.2834326""","=""""","=""0.0000004""","=""""","=""                                                    ""","=""L10559c152"""
"=""3d10.34p""","=""2P*""","=""1/2,3/2""","=""""","=""0.2834504""","=""""","=""0.0000004""","=""""","=""                                                    ""","=""L10559c152"""
"=""3d10.35s""","=""2S""","=""1/2""","=""""","=""0.2834628""","=""""","=""0.0000014""","=""""","=""                                                    ""","=""L10559c152"""
"=""3d10.35p""","=""2P*""","=""1/2,3/2""","=""""","=""0.2834794""","=""""","=""0.0000004""","=""""","=""                                                    ""","=""L10559c152"""
"=""3d10.36s""","=""2S""","=""1/2""","=""""","=""0.2834915""","=""""","=""0.0000014""","=""""","=""                                                    ""","=""L10559c152"""
"=""3d10.36p""","=""2P*""","=""1/2,3/2""","=""""","=""0.2835058""","=""""","=""0.0000004""","=""""","=""                                                    ""","=""L10559c152"""
"=""3d10.37s""","=""2S""","=""1/2""","=""""","=""0.2835157""","=""""","=""0.0000014""","=""""","=""                                                    ""","=""L10559c152"""
"=""3d10.37p""","=""2P*""","=""1/2,3/2""","=""""","=""0.2835304""","=""""","=""0.0000004""","=""""","=""                                                    ""","=""L10559"""
"=""3d10.38s""","=""2S""","=""1/2""","=""""","=""0.2835398""","=""""","=""0.0000014""","=""""","=""                                                    ""","=""L10559c152"""
"=""3d10.38p""","=""2P*""","=""1/2,3/2""","=""""","=""0.2835529""","=""""","=""0.0000004""","=""""","=""                                                    ""","=""L10559c152"""
"=""3d10.39s""","=""2S""","=""1/2""","=""""","=""0.2835612""","=""""","=""0.0000014""","=""""","=""                                                    ""","=""L10559c152"""
"=""3d10.39p""","=""2P*""","=""1/2,3/2""","=""""","=""0.2835735""","=""""","=""0.0000004""","=""""","=""                                                    ""","=""L10559"""
"=""3d10.40s""","=""2S""","=""1/2""","=""""","=""0.2835804""","=""""","=""0.0000014""","=""""","=""                                                    ""","=""L10559c152"""
"=""3d10.40p""","=""2P*""","=""1/2,3/2""","=""""","=""0.2835925""","=""""","=""0.0000004""","=""""","=""                                                    ""","=""L10559c152"""
"=""3d10.41s""","=""2S""","=""1/2""","=""""","=""0.2835991""","=""""","=""0.0000014""","=""""","=""                                                    ""","=""L10559c152"""
"=""3d10.41p""","=""2P*""","=""1/2,3/2""","=""""","=""0.2836101""","=""""","=""0.0000004""","=""""","=""                                                    ""","=""L10559c152"""
"=""3d10.42p""","=""2P*""","=""1/2,3/2""","=""""","=""0.2836264""","=""""","=""0.0000004""","=""""","=""                                                    ""","=""L10559c152"""
"=""3d10.43p""","=""2P*""","=""1/2,3/2""","=""""","=""0.2836413""","=""""","=""0.0000004""","=""""","=""                                                    ""","=""L10559c152"""
"=""3d10.44p""","=""2P*""","=""1/2,3/2""","=""""","=""0.2836553""","=""""","=""0.0000004""","=""""","=""                                                    ""","=""L10559c152"""
"=""3d10.45p""","=""2P*""","=""1/2,3/2""","=""""","=""0.2836685""","=""""","=""0.0000004""","=""""","=""                                                    ""","=""L10559"""
"=""3d10.46p""","=""2P*""","=""1/2,3/2""","=""""","=""0.2836807""","=""""","=""0.0000004""","=""""","=""                                                    ""","=""L10559"""
"=""3d10.47p""","=""2P*""","=""1/2,3/2""","=""""","=""0.2836921""","=""""","=""0.0000004""","=""""","=""                                                    ""","=""L10559c152"""
"=""3d10.48p""","=""2P*""","=""1/2,3/2""","=""""","=""0.2837028""","=""""","=""0.0000004""","=""""","=""                                                    ""","=""L10559"""
"=""3d10.49p""","=""2P*""","=""1/2,3/2""","=""""","=""0.2837125""","=""""","=""0.0000004""","=""""","=""                                                    ""","=""L10559c152"""
"=""3d10.50p""","=""2P*""","=""1/2,3/2""","=""""","=""0.2837221""","=""""","=""0.0000004""","=""""","=""                                                    ""","=""L10559"""
"=""3d10.51p""","=""2P*""","=""1/2,3/2""","=""""","=""0.2837311""","=""""","=""0.0000004""","=""""","=""                                                    ""","=""L10559c152"""
"=""3d10.52p""","=""2P*""","=""1/2,3/2""","=""""","=""0.2837389""","=""""","=""0.0000014""","=""""","=""                                                    ""","=""L10559c152"""
"=""3d10.53p""","=""2P*""","=""1/2,3/2""","=""""","=""0.2837467""","=""""","=""0.0000014""","=""""","=""                                                    ""","=""L10559c152"""
"=""3d10.54p""","=""2P*""","=""1/2,3/2""","=""""","=""0.2837535""","=""""","=""0.0000014""","=""""","=""                                                    ""","=""L10559c152"""
"=""3d10.55p""","=""2P*""","=""1/2,3/2""","=""""","=""0.2837613""","=""""","=""0.0000014""","=""""","=""                                                    ""","=""L10559c152"""
"=""3d10.56p""","=""2P*""","=""1/2,3/2""","=""""","=""0.2837676""","=""""","=""0.0000014""","=""""","=""                                                    ""","=""L10559c152"""
"=""3d10.57p""","=""2P*""","=""1/2,3/2""","=""""","=""0.2837736""","=""""","=""0.0000014""","=""""","=""                                                    ""","=""L10559c152"""
"=""Cu II (3d10 1S<0>)""","=""Limit""","=""---""","=""""","=""0.28393924""","=""""","=""0.00000014""","=""""","=""                                                    ""","=""L14897"""
"=""3d9.4s.(3D).5s""","=""4D""","=""7/2""","=""""","=""0.28433050""","=""""","=""0.00000014""","=""1.42""","="" 100                                                ""","=""L10559c152"""
"=""3d9.4s.(3D).5s""","=""4D""","=""5/2""","=""""","=""0.28681338""","=""""","=""0.00000023""","=""""","=""  82             :    12  3d9.4s.(1D).5s       2D   ""","=""L10559c152"""
"=""3d9.4s.(3D).5s""","=""4D""","=""3/2""","=""""","=""0.28971298""","=""""","=""0.00000023""","=""""","=""  73             :    15  3d9.4s.(3D).5s       2D   ""","=""L10559c152"""
"=""3d9.4s.(3D).5s""","=""4D""","=""1/2""","=""""","=""0.29375764""","=""""","=""0.00000014""","=""0.00""","="" 100                                                ""","=""L10559c152"""
"=""3d9.4s.(3D).5s""","=""2D""","=""5/2""","=""""","=""0.2946018""","=""""","=""0.0000003""","=""""","=""  87             :    13  3d9.4s.(3D).5s       4D   ""","=""L10559c152"""
"=""3d9.4s.(3D).5s""","=""2D""","=""3/2""","=""""","=""0.2973461""","=""""","=""0.0000005""","=""""","=""  55             :    26  3d9.4s.(3D).5s       4D   ""","=""L10559c152"""
"=""3d9.4s.(1D).5s""","=""2D""","=""5/2""","=""""","=""0.3059246""","=""""","=""0.0000005""","=""0.69""","=""  95             :     5  3d9.4s.(3D).5s       4D   ""","=""L10559c152"""
"=""3d9.4s.(1D).5s""","=""2D""","=""3/2""","=""""","=""0.30970331""","=""""","=""0.00000023""","=""""","=""  69             :    30  3d9.4s.(3D).5s       2D   ""","=""L10559c152"""
"=""3d9.4s.(3D).5p""","=""4P*""","=""3/2""","=""""","=""0.3202247""","=""""","=""0.0000023""","=""""","=""                                                    ""","=""L10559c152"""
"=""3d9.4s.(3D).5p""","=""4P*""","=""1/2""","=""""","=""0.323510""","=""""","=""0.000004""","=""""","=""                                                    ""","=""L10559c152"""
"=""3d9.4s.(3D).5p""","=""4F*""","=""7/2""","=""""","=""0.3204789""","=""""","=""0.0000003""","=""""","=""                                                    ""","=""L10559c152"""
"=""3d9.4s.(3D).5p""","=""4F*""","=""5/2""","=""""","=""0.3208323""","=""""","=""0.0000003""","=""""","=""                                                    ""","=""L10559c152"""
"=""3d9.4s.(3D).5p""","=""4D*""","=""7/2""","=""""","=""0.3209556""","=""""","=""0.0000003""","=""1.43""","=""                                                    ""","=""L10559c152"""
"=""3d9.4s.(3D).5p""","=""4D*""","=""5/2""","=""""","=""0.321501""","=""""","=""0.000003""","=""""","=""                                                    ""","=""L10559c152"""
"=""3d9.4s.(3D).5p""","=""4D*""","=""3/2""","=""""","=""0.32363563""","=""""","=""0.00000023""","=""""","=""                                                    ""","=""L10559c152"""
"=""3d9.4s.(3D).5p""","=""4D*""","=""1/2""","=""""","=""0.330797""","=""""","=""0.000005""","=""""","=""                                                    ""","=""L10559"""
"=""3d9.4s.(3D).4d""","=""2P""","=""3/2""","=""""","=""0.32283171""","=""""","=""0.00000018""","=""""","=""                                                    ""","=""L10559c152"""
"=""3d9.4s.(3D).4d""","=""2P""","=""1/2""","=""""","=""0.3287464""","=""""","=""0.0000005""","=""""","=""                                                    ""","=""L10559"""
"=""3d9.4s.(3D).4d""","=""2S""","=""1/2""","=""""","=""0.3228333""","=""""","=""0.0000010""","=""""","=""                                                    ""","=""L10559c152"""
"=""3d9.4s.(3D).4d""","=""2G""","=""9/2""","=""""","=""0.3228596""","=""""","=""0.0000003""","=""""","=""                                                    ""","=""L10559c152"""
"=""3d9.4s.(3D).4d""","=""2G""","=""7/2""","=""""","=""0.32813278""","=""""","=""0.00000023""","=""""","=""                                                    ""","=""L10559c152"""
"=""3d9.4s.(3D).5p""","=""2F*""","=""5/2""","=""""","=""0.32331682""","=""""","=""0.00000023""","=""""","=""                                                    ""","=""L10559c152"""
"=""3d9.4s.(3D).5p""","=""2F*""","=""7/2""","=""""","=""0.3262973""","=""""","=""0.0000004""","=""""","=""                                                    ""","=""L10559c152"""
"=""3d9.4s.(3D).4d""","=""4S""","=""3/2""","=""""","=""0.32349124""","=""""","=""0.00000018""","=""""","=""                                                    ""","=""L10559"""
"=""3d9.4s.(3D).4d""","=""2D""","=""5/2""","=""""","=""0.32394724""","=""""","=""0.00000018""","=""""","=""                                                    ""","=""L10559c152"""
"=""3d9.4s.(3D).4d""","=""2D""","=""3/2""","=""""","=""0.3285345""","=""""","=""0.0000005""","=""""","=""                                                    ""","=""L10559c152"""
"=""3d9.4s.(3D).4d""","=""2F""","=""7/2""","=""""","=""0.32408219""","=""""","=""0.00000018""","=""""","=""                                                    ""","=""L10559c152"""
"=""3d9.4s.(3D).4d""","=""2F""","=""5/2""","=""""","=""0.32874501""","=""""","=""0.00000023""","=""1.10""","=""                                                    ""","=""L10559c152"""
"=""3d9.4s.(3D).4d""","=""4G""","=""11/2""","=""""","=""0.3240952""","=""""","=""0.0000009""","=""""","=""                                                    ""","=""L10559c152"""
"=""3d9.4s.(3D).4d""","=""4G""","=""9/2""","=""""","=""0.3279590""","=""""","=""0.0000005""","=""""","=""                                                    ""","=""L10559c152"""
"=""3d9.4s.(3D).4d""","=""4G""","=""7/2""","=""""","=""0.3330806""","=""""","=""0.0000003""","=""""","=""                                                    ""","=""L10559"""
"=""3d9.4s.(3D).4d""","=""4G""","=""5/2""","=""""","=""0.33351814""","=""""","=""0.00000023""","=""""","=""                                                    ""","=""L10559c152"""
"=""3d9.4s.(3D).4d""","=""4P""","=""5/2""","=""""","=""0.32431165""","=""""","=""0.00000014""","=""""","=""                                                    ""","=""L10559c152"""
"=""3d9.4s.(3D).4d""","=""4P""","=""1/2""","=""""","=""0.3275227""","=""""","=""0.0000005""","=""""","=""                                                    ""","=""L10559c152"""
"=""3d9.4s.(3D).4d""","=""4P""","=""3/2""","=""""","=""0.32772480""","=""""","=""0.00000018""","=""""","=""                                                    ""","=""L10559c152"""
"=""3d9.4s.(3D).4d""","=""4D""","=""7/2""","=""""","=""0.32472195""","=""""","=""0.00000018""","=""1.48""","=""                                                    ""","=""L10559c152"""
"=""3d9.4s.(3D).4d""","=""4D""","=""5/2""","=""""","=""0.32836132""","=""""","=""0.00000018""","=""1.43""","=""                                                    ""","=""L10559c152"""
"=""3d9.4s.(3D).4d""","=""4D""","=""3/2""","=""""","=""0.3330904""","=""""","=""0.0000003""","=""""","=""                                                    ""","=""L10559c152"""
"=""3d9.4s.(3D).4d""","=""4F""","=""9/2""","=""""","=""0.32482374""","=""""","=""0.00000023""","=""""","=""                                                    ""","=""L10559c152"""
"=""3d9.4s.(3D).4d""","=""4F""","=""7/2""","=""""","=""0.32848029""","=""""","=""0.00000018""","=""""","=""                                                    ""","=""L10559c152"""
"=""3d9.4s.(3D).4d""","=""4F""","=""5/2""","=""""","=""0.33400061""","=""""","=""0.00000018""","=""""","=""                                                    ""","=""L10559c152"""
"=""3d9.4s.(3D).4d""","=""4F""","=""3/2""","=""""","=""0.33405451""","=""""","=""0.00000018""","=""""","=""                                                    ""","=""L10559c152"""
"=""3d9.4s.(3D).5p""","=""2D*""","=""5/2""","=""""","=""0.3268969""","=""""","=""0.0000003""","=""""","=""                                                    ""","=""L10559c152"""
"=""3d9.4s.(3D).5p""","=""2D*""","=""3/2""","=""""","=""0.3281670""","=""""","=""0.0000003""","=""""","=""                                                    ""","=""L10559c152"""
"=""3d9.4s.(3D).5p""","=""2P*""","=""3/2""","=""""","=""0.327683""","=""""","=""0.000004""","=""""","=""                                                    ""","=""L10559c152"""
"=""3d9.4s.(3D).5p""","=""2P*""","=""1/2""","=""""","=""0.331418""","=""""","=""0.000005""","=""""","=""                                                    ""","=""L10559c152"""
"=""3d9.4s.(3D).5p""","=""*""","=""3/2""","=""""","=""0.327822""","=""""","=""0.000005""","=""""","=""                                                    ""","=""L1923"""
"=""3d9.4s.(3D).6s""","=""4D""","=""7/2""","=""""","=""0.3371463""","=""""","=""0.0000005""","=""""","=""                                                    ""","=""L10559c152"""
"=""3d9.4s.(3D).6s""","=""4D""","=""5/2""","=""""","=""0.3385954""","=""""","=""0.0000004""","=""""","=""                                                    ""","=""L10559c152"""
"=""3d9.4s.(3D).6s""","=""4D""","=""3/2""","=""""","=""0.3419239""","=""""","=""0.0000007""","=""""","=""                                                    ""","=""L10559c152"""
"=""3d9.4s.(3D).6s""","=""4D""","=""1/2""","=""""","=""0.3465750""","=""""","=""0.0000004""","=""""","=""                                                    ""","=""L10559c152"""
"=""3d9.4s.(1D).5p""","=""2P*""","=""3/2""","=""""","=""0.3383503""","=""""","=""0.0000014""","=""""","=""                                                    ""","=""L10559c152"""
"=""3d9.4s.(1D).5p""","=""2P*""","=""1/2""","=""""","=""0.3421410""","=""""","=""0.0000004""","=""""","=""                                                    ""","=""L10559c152"""
"=""3d9.4s.(1D).5p""","=""2F*""","=""7/2""","=""""","=""0.3387272""","=""""","=""0.0000004""","=""""","=""                                                    ""","=""L10559c152"""
"=""3d9.4s.(1D).5p""","=""2F*""","=""5/2""","=""""","=""0.3413811""","=""""","=""0.0000004""","=""""","=""                                                    ""","=""L10559c152"""
"=""3d9.4s.(1D).5p""","=""2D*""","=""3/2,5/2""","=""""","=""0.3394826""","=""""","=""0.0000003""","=""""","=""                                                    ""","=""L10559c152"""
"=""3d9.4s.(1D).4d""","=""2P""","=""1/2""","=""""","=""0.3422239""","=""""","=""0.0000003""","=""""","=""                                                    ""","=""L10559c152"""
"=""3d9.4s.(1D).4d""","=""2P""","=""3/2""","=""""","=""0.3429257""","=""""","=""0.0000003""","=""""","=""                                                    ""","=""L10559c152"""
"=""3d9.4s.(3D).6s""","=""2D""","=""5/2""","=""""","=""0.34250077""","=""""","=""0.00000023""","=""""","=""                                                    ""","=""L10559c152"""
"=""3d9.4s.(3D).6s""","=""2D""","=""3/2""","=""""","=""0.3477956""","=""""","=""0.0000006""","=""""","=""                                                    ""","=""L10559c152"""
"=""3d9.4s.(1D).4d""","=""2G""","=""7/2""","=""""","=""0.3426651""","=""""","=""0.0000014""","=""""","=""                                                    ""","=""L10559c152"""
"=""3d9.4s.(1D).4d""","=""2G""","=""9/2""","=""""","=""0.3433014""","=""""","=""0.0000011""","=""""","=""                                                    ""","=""L10559c152"""
"=""3d9.4s.(1D).4d""","=""2S""","=""1/2""","=""""","=""0.3434848""","=""""","=""0.0000014""","=""""","=""                                                    ""","=""L10559c152"""
"=""3d9.4s.(1D).4d""","=""2D""","=""3/2""","=""""","=""0.3437308""","=""""","=""0.0000007""","=""""","=""                                                    ""","=""L10559c152"""
"=""3d9.4s.(1D).4d""","=""2D""","=""5/2""","=""""","=""0.3437603""","=""""","=""0.0000005""","=""""","=""                                                    ""","=""L10559c152"""
"=""3d9.4s.(1D).4d""","=""2F""","=""5/2""","=""""","=""0.3441682""","=""""","=""0.0000004""","=""""","=""                                                    ""","=""L10559c152"""
"=""3d9.4s.(1D).4d""","=""2F""","=""7/2""","=""""","=""0.34433520""","=""""","=""0.00000023""","=""""","=""                                                    ""","=""L10559c152"""
"=""3d9.4s.(3D).5d""","=""2G""","=""9/2""","=""""","=""0.3500383""","=""""","=""0.0000010""","=""""","=""                                                    ""","=""L10559c152"""
"=""3d9.4s.(3D).5d""","=""2G""","=""7/2""","=""""","=""0.3549344""","=""""","=""0.0000010""","=""""","=""                                                    ""","=""L10559c152"""
"=""3d9.4s.(3D).5d""","=""2P""","=""3/2""","=""""","=""0.3500693""","=""""","=""0.0000010""","=""""","=""                                                    ""","=""L10559c152"""
"=""3d9.4s.(3D).6p""","=""4P*""","=""3/2""","=""""","=""0.350441""","=""""","=""0.000005""","=""""","=""                                                    ""","=""L10559c155"""
"=""3d9.4s.(3D).6p""","=""4P*""","=""1/2""","=""""","=""0.353951""","=""""","=""0.000005""","=""""","=""                                                    ""","=""L10559"""
"=""3d9.4s.(3D).5d""","=""2D""","=""5/2""","=""""","=""0.3506074""","=""""","=""0.0000007""","=""""","=""                                                    ""","=""L10559c152"""
"=""3d9.4s.(3D).5d""","=""2D""","=""3/2""","=""""","=""0.3550912""","=""""","=""0.0000018""","=""""","=""                                                    ""","=""L10559c152"""
"=""3d9.4s.(3D).5d""","=""4S""","=""3/2""","=""""","=""0.3506510""","=""""","=""0.0000014""","=""""","=""                                                    ""","=""L10559"""
"=""3d9.4s.(3D).5d""","=""2F""","=""7/2""","=""""","=""0.3506566""","=""""","=""0.0000006""","=""""","=""                                                    ""","=""L10559c152"""
"=""3d9.4s.(3D).5d""","=""2F""","=""5/2""","=""""","=""0.3552089""","=""""","=""0.0000005""","=""""","=""                                                    ""","=""L10559c152"""
"=""3d9.4s.(3D).5d""","=""4G""","=""11/2""","=""""","=""0.3509025""","=""""","=""0.0000014""","=""""","=""                                                    ""","=""L10559c152"""
"=""3d9.4s.(3D).5d""","=""4G""","=""9/2""","=""""","=""0.3547287""","=""""","=""0.0000005""","=""""","=""                                                    ""","=""L10559c152"""
"=""3d9.4s.(3D).5d""","=""4G""","=""7/2""","=""""","=""0.3598967""","=""""","=""0.0000014""","=""""","=""                                                    ""","=""L10559c152"""
"=""3d9.4s.(3D).5d""","=""4G""","=""5/2""","=""""","=""0.3601937""","=""""","=""0.0000005""","=""""","=""                                                    ""","=""L10559c152"""
"=""3d9.4s.(3D).5d""","=""4P""","=""5/2""","=""""","=""0.3509758""","=""""","=""0.0000005""","=""""","=""                                                    ""","=""L10559c152"""
"=""3d9.4s.(3D).5d""","=""4P""","=""1/2""","=""""","=""0.3545499""","=""""","=""0.0000014""","=""""","=""                                                    ""","=""L10559c152"""
"=""3d9.4s.(3D).5d""","=""4P""","=""3/2""","=""""","=""0.3546701""","=""""","=""0.0000007""","=""""","=""                                                    ""","=""L10559c152"""
"=""3d9.4s.(3D).5d""","=""4D""","=""7/2""","=""""","=""0.3511482""","=""""","=""0.0000006""","=""""","=""                                                    ""","=""L10559c152"""
"=""3d9.4s.(3D).5d""","=""4D""","=""5/2""","=""""","=""0.3549630""","=""""","=""0.0000005""","=""""","=""                                                    ""","=""L10559c152"""
"=""3d9.4s.(3D).5d""","=""4D""","=""3/2""","=""""","=""0.3599662""","=""""","=""0.0000006""","=""""","=""                                                    ""","=""L10559c152"""
"=""3d9.4s.(3D).5d""","=""4F""","=""9/2""","=""""","=""0.3512046""","=""""","=""0.0000007""","=""""","=""                                                    ""","=""L10559c152"""
"=""3d9.4s.(3D).5d""","=""4F""","=""7/2""","=""""","=""0.3550267""","=""""","=""0.0000005""","=""""","=""                                                    ""","=""L10559c152"""
"=""3d9.4s.(3D).5d""","=""4F""","=""5/2""","=""""","=""0.3604826""","=""""","=""0.0000006""","=""""","=""                                                    ""","=""L10559c152"""
"=""3d9.4s.(3D).5d""","=""4F""","=""3/2""","=""""","=""0.3604935""","=""""","=""0.0000008""","=""""","=""                                                    ""","=""L10559c152"""
"=""3d9.4s.(3D<3>).4f""","=""*""","=""1/2,3/2""","=""""","=""0.352145""","=""""","=""0.000005""","=""""","=""                                                    ""","=""L10559"""
"=""3d9.4s.(3D<3>).4f""","=""*""","=""1/2,3/2""","=""""","=""0.352192""","=""""","=""0.000005""","=""""","=""                                                    ""","=""L10559"""
"=""3d9.4s.(3D<2>).4f""","=""*""","=""1/2,3/2""","=""""","=""0.353676""","=""""","=""0.000005""","=""""","=""                                                    ""","=""L10559"""
"=""3d9.4s.(3D).7s""","=""4D""","=""7/2""","=""""","=""0.3565842""","=""""","=""0.0000005""","=""""","=""                                                    ""","=""L10559c152"""
"=""3d9.4s.(3D).7s""","=""4D""","=""5/2""","=""""","=""0.3576108""","=""""","=""0.0000007""","=""""","=""                                                    ""","=""L10559c152"""
"=""3d9.4s.(3D).7s""","=""4D""","=""3/2""","=""""","=""0.3611258""","=""""","=""0.0000008""","=""""","=""                                                    ""","=""L10559c152"""
"=""3d9.4s.(3D).7s""","=""4D""","=""1/2""","=""""","=""0.3660144""","=""""","=""0.0000009""","=""""","=""                                                    ""","=""L10559c152"""
"=""3d9.4s.(1D).6s""","=""2D""","=""5/2""","=""""","=""0.3569878""","=""""","=""0.0000009""","=""""","=""                                                    ""","=""L10559c152"""
"=""3d9.4s.(1D).6s""","=""2D""","=""3/2""","=""""","=""0.3580272""","=""""","=""0.0000008""","=""""","=""                                                    ""","=""L10559c152"""
"=""3d9.4s.(3D).6p""","=""4D*""","=""1/2""","=""""","=""0.359460""","=""""","=""0.000005""","=""""","=""                                                    ""","=""L10559c152"""
"=""3d9.4s.(3D).6p""","=""2P*""","=""1/2""","=""""","=""0.359588""","=""""","=""0.000005""","=""""","=""                                                    ""","=""L10559"""
"=""3d9.4s.(3D).7s""","=""2D""","=""5/2""","=""""","=""0.3611713""","=""""","=""0.0000006""","=""""","=""                                                    ""","=""L10559c152"""
"=""3d9.4s.(3D).7s""","=""2D""","=""3/2""","=""""","=""0.366586""","=""""","=""0.000004""","=""""","=""                                                    ""","=""L10559"""
"=""3d9.4s.(3D<1>).4f<5/2>""","=""(1,5/2)*""","=""3/2""","=""""","=""0.361579""","=""""","=""0.000006""","=""""","=""                                                    ""","=""L10559"""
"=""3d9.4s.(3D).6d""","=""4S""","=""3/2""","=""""","=""0.3628706""","=""""","=""0.0000023""","=""""","=""                                                    ""","=""L10559c152"""
"=""3d9.4s.(3D).7p""","=""4P*""","=""3/2""","=""""","=""0.362901""","=""""","=""0.000006""","=""""","=""                                                    ""","=""L10559"""
"=""3d9.4s.(3D).7p""","=""4P*""","=""1/2""","=""""","=""0.366687""","=""""","=""0.000006""","=""""","=""                                                    ""","=""L10559c152"""
"=""3d9.4s.(3D).6d""","=""4G""","=""11/2""","=""""","=""0.362994""","=""""","=""0.000004""","=""""","=""                                                    ""","=""L10559"""
"=""3d9.4s.(3D).6d""","=""4G""","=""9/2""","=""""","=""0.366811""","=""""","=""0.000003""","=""""","=""                                                    ""","=""L10559c152"""
"=""3d9.4s.(3D).6d""","=""4P""","=""5/2""","=""""","=""0.363028""","=""""","=""0.000003""","=""""","=""                                                    ""","=""L10559c152"""
"=""3d9.4s.(3D).6d""","=""4D""","=""7/2""","=""""","=""0.363114""","=""""","=""0.000003""","=""""","=""                                                    ""","=""L10559c152"""
"=""3d9.4s.(3D).6d""","=""4D""","=""5/2""","=""""","=""0.366978""","=""""","=""0.000003""","=""""","=""                                                    ""","=""L10559c152"""
"=""3d9.4s.(3D).6d""","=""4F""","=""9/2""","=""""","=""0.363138""","=""""","=""0.000003""","=""""","=""                                                    ""","=""L10559c152"""
"=""3d9.4s.(3D).6d""","=""4F""","=""7/2""","=""""","=""0.3670570""","=""""","=""0.0000014""","=""""","=""                                                    ""","=""L10559c152"""
"=""3d9.4s.(3D<3>).5f""","=""*""","=""1/2,3/2""","=""""","=""0.363591""","=""""","=""0.000006""","=""""","=""                                                    ""","=""L10559c152"""
"=""3d9.4s.(3D).8s""","=""4D""","=""7/2""","=""""","=""0.3659566""","=""""","=""0.0000014""","=""""","=""                                                    ""","=""L10559c152"""
"=""3d9.4s.(3D<2>).5f""","=""*""","=""1/2,3/2""","=""""","=""0.366441""","=""""","=""0.000006""","=""""","=""                                                    ""","=""L10559"""
"=""3d9.4s.(3D).6d""","=""2G""","=""7/2""","=""""","=""0.3670292""","=""""","=""0.0000014""","=""""","=""                                                    ""","=""L10559c152"""
"=""3d9.4s.(3D).6d""","=""2F""","=""5/2""","=""""","=""0.367123""","=""""","=""0.000005""","=""""","=""                                                    ""","=""L10559c152"""
"=""3d9.4s.(3D).6d""","=""2D""","=""3/2""","=""""","=""0.3671791""","=""""","=""0.0000023""","=""""","=""                                                    ""","=""L10559c152"""
"=""3d9.4s.(1D).6p?""","=""2P*""","=""3/2""","=""""","=""0.368808""","=""""","=""0.000006""","=""""","=""                                                    ""","=""L10559c152"""
"=""3d9.4s.(1D).6p?""","=""2P*""","=""1/2""","=""""","=""0.371858""","=""""","=""0.000009""","=""""","=""                                                    ""","=""L10559"""
"=""3d9.4s.(3D).8p""","=""4P*""","=""3/2""","=""""","=""0.369449""","=""""","=""0.000006""","=""""","=""                                                    ""","=""L10559"""
"=""3d9.4s.(3D).8p""","=""4P*""","=""1/2""","=""""","=""0.373556""","=""""","=""0.000006""","=""""","=""                                                    ""","=""L10559"""
"=""3d9.4s.(3D<3>).6f""","=""*""","=""1/2,3/2""","=""""","=""0.369805""","=""""","=""0.000006""","=""""","=""                                                    ""","=""L10559c152"""
"=""3d9.4s.(1D).5d""","=""2D""","=""5/2""","=""""","=""0.3703960""","=""""","=""0.0000010""","=""""","=""                                                    ""","=""L10559c152"""
"=""3d9.4s.(1D).5d""","=""2D""","=""3/2""","=""""","=""0.3704930""","=""""","=""0.0000006""","=""""","=""                                                    ""","=""L10559c152"""
"=""3d9.4s.(1D).5d""","=""2F""","=""5/2""","=""""","=""0.3707139""","=""""","=""0.0000018""","=""""","=""                                                    ""","=""L10559c152"""
"=""3d9.4s.(1D).5d""","=""2F""","=""7/2""","=""""","=""0.3707773""","=""""","=""0.0000008""","=""""","=""                                                    ""","=""L10559c152"""
"=""3d9.4s.(3D).7p?""","=""4D*""","=""1/2""","=""""","=""0.371858""","=""""","=""0.000009""","=""""","=""                                                    ""","=""L10559"""
"=""3d9.4s.(3D<1>).7p""","=""2P*""","=""1/2""","=""""","=""0.371992""","=""""","=""0.000006""","=""""","=""                                                    ""","=""L10559c152"""
"=""3d9.4s.(3D<1>).5f<5/2>""","=""(1,5/2)*""","=""3/2""","=""""","=""0.373045""","=""""","=""0.000006""","=""""","=""                                                    ""","=""L10559"""
"=""3d9.4s.(3D<1>).5f<5/2>""","=""(1,5/2)*""","=""3/2""","=""""","=""0.373075""","=""""","=""0.000006""","=""""","=""                                                    ""","=""L10559"""
"=""3d9.4s.(3D).9p""","=""4P*""","=""3/2""","=""""","=""0.373486""","=""""","=""0.000006""","=""""","=""                                                    ""","=""L10559"""
"=""3d9.4s.(3D).9p""","=""4P*""","=""1/2""","=""""","=""0.377327""","=""""","=""0.000006""","=""""","=""                                                    ""","=""L10559"""
"=""3d9.4s.(3D<3>).7f""","=""*""","=""1/2,3/2""","=""""","=""0.374004""","=""""","=""0.000006""","=""""","=""                                                    ""","=""L10559c152"""
"=""3d9.4s.(3D<2>).6f""","=""*""","=""1/2,3/2""","=""""","=""0.374188""","=""""","=""0.000006""","=""""","=""                                                    ""","=""L10559"""
"=""3d9.4s.(3D<3>).10p<3/2>""","=""(3,3/2)*""","=""3/2""","=""""","=""0.375817""","=""""","=""0.000006""","=""""","=""                                                    ""","=""L10559"""
"=""3d9.4s.(3D<3>).8f""","=""*""","=""1/2,3/2""","=""""","=""0.375969""","=""""","=""0.000006""","=""""","=""                                                    ""","=""L10559"""
"=""3d9.4s.(3D<3>).11p<3/2>""","=""(3,3/2)*""","=""3/2""","=""""","=""0.377564""","=""""","=""0.000006""","=""""","=""                                                    ""","=""L10559c152"""
"=""3d9.4s.(3D<3>).9f""","=""*""","=""1/2,3/2""","=""""","=""0.377624""","=""""","=""0.000006""","=""""","=""                                                    ""","=""L10559"""
"=""3d9.4s.(3D<2>).7f""","=""*""","=""1/2,3/2""","=""""","=""0.377733""","=""""","=""0.000006""","=""""","=""                                                    ""","=""L10559c152"""
"=""3d9.4s.(3D<3>).12p<3/2>""","=""(3,3/2)*""","=""3/2""","=""""","=""0.378678""","=""""","=""0.000006""","=""""","=""                                                    ""","=""L10559"""
"=""3d9.4s.(3D<3>).10f""","=""*""","=""1/2,3/2""","=""""","=""0.3788256""","=""""","=""0.0000018""","=""""","=""                                                    ""","=""L9299"""
"=""3d9.4s.(3D<1>).6f<5/2>""","=""(1,5/2)*""","=""3/2""","=""""","=""0.379252""","=""""","=""0.000006""","=""""","=""                                                    ""","=""L10559"""
"=""3d9.4s.(3D<3>).13p<3/2>""","=""(3,3/2)*""","=""3/2""","=""""","=""0.379619""","=""""","=""0.000006""","=""""","=""                                                    ""","=""L10559"""
"=""3d9.4s.(3D<3>).11f""","=""*""","=""1/2,3/2""","=""""","=""0.379694""","=""""","=""0.000006""","=""""","=""                                                    ""","=""L10559"""
"=""3d9.4s.(3D<2>).10p<3/2>""","=""(2,3/2)*""","=""1/2""","=""""","=""0.379916""","=""""","=""0.000006""","=""""","=""                                                    ""","=""L10559"""
"=""3d9.4s.(3D<2>).8f""","=""*""","=""1/2,3/2""","=""""","=""0.380157""","=""""","=""0.000006""","=""""","=""                                                    ""","=""L10559c152"""
"=""3d9.4s.(3D<3>).14p<3/2>""","=""(3,3/2)*""","=""3/2""","=""""","=""0.380319""","=""""","=""0.000006""","=""""","=""                                                    ""","=""L10559"""
"=""3d9.4s.(3D<3>).12f""","=""*""","=""1/2,3/2""","=""""","=""0.380354""","=""""","=""0.000006""","=""""","=""                                                    ""","=""L10559"""
"=""3d9.4s.(3D<3>).15p<3/2>""","=""(3,3/2)*""","=""3/2""","=""""","=""0.380840""","=""""","=""0.000006""","=""""","=""                                                    ""","=""L10559"""
"=""3d9.4s.(3D<3>).13f""","=""*""","=""1/2,3/2""","=""""","=""0.380866""","=""""","=""0.000006""","=""""","=""                                                    ""","=""L10559"""
"=""3d9.4s.(3D<3>).16p<3/2>""","=""(3,3/2)*""","=""3/2""","=""""","=""0.381248""","=""""","=""0.000006""","=""""","=""                                                    ""","=""L10559"""
"=""3d9.4s.(3D<3>).14f""","=""*""","=""1/2,3/2""","=""""","=""0.381277""","=""""","=""0.000006""","=""""","=""                                                    ""","=""L10559"""
"=""3d9.4s.(3D<3>).17p<3/2>""","=""(3,3/2)*""","=""3/2""","=""""","=""0.381455""","=""""","=""0.000006""","=""""","=""                                                    ""","=""L10559"""
"=""3d9.4s.(3D<2>).11p<3/2>""","=""(2,3/2)*""","=""1/2""","=""""","=""0.381622""","=""""","=""0.000006""","=""""","=""                                                    ""","=""L10559"""
"=""3d9.4s.(3D<3>).18p<3/2>""","=""(3,3/2)*""","=""3/2""","=""""","=""0.381823""","=""""","=""0.000006""","=""""","=""                                                    ""","=""L10559"""
"=""3d9.4s.(3D<2>).9f""","=""*""","=""1/2,3/2""","=""""","=""0.381900""","=""""","=""0.000009""","=""""","=""                                                    ""","=""L10559"""
"=""3d9.4s.(1D).7p?""","=""2P*""","=""3/2""","=""""","=""0.381900""","=""""","=""0.000009""","=""""","=""                                                    ""","=""L10559"""
"=""3d9.4s.(1D).7p?""","=""2P*""","=""1/2""","=""""","=""0.383330""","=""""","=""0.000006""","=""""","=""                                                    ""","=""L10559"""
"=""3d9.4s.(3D<3>).19p<3/2>""","=""(3,3/2)*""","=""3/2""","=""""","=""0.382099""","=""""","=""0.000006""","=""""","=""                                                    ""","=""L10559c152"""
"=""3d9.4s.(3D<3>).20p<3/2>""","=""(3,3/2)*""","=""3/2""","=""""","=""0.382285""","=""""","=""0.000006""","=""""","=""                                                    ""","=""L10559"""
"=""3d9.4s.(3D<3>).21p<3/2>""","=""(3,3/2)*""","=""3/2""","=""""","=""0.382448""","=""""","=""0.000006""","=""""","=""                                                    ""","=""L10559"""
"=""3d9.4s.(3D).9p""","=""2P*""","=""1/2""","=""""","=""0.382622""","=""""","=""0.000006""","=""""","=""                                                    ""","=""L10559c152"""
"=""3d9.4s.(3D<2>).12p<3/2>""","=""(2,3/2)*""","=""1/2""","=""""","=""0.382847""","=""""","=""0.000006""","=""""","=""                                                    ""","=""L10559"""
"=""3d9.4s.(3D<1>).7f<5/2>""","=""(1,5/2)*""","=""3/2""","=""""","=""0.382908""","=""""","=""0.000006""","=""""","=""                                                    ""","=""L10559c152"""
"=""3d9.4s.(3D<2>).10f""","=""*""","=""1/2,3/2""","=""""","=""0.382982""","=""""","=""0.000006""","=""""","=""                                                    ""","=""L10559c152"""
"=""3d9.4s.(3D<2>).13p<3/2>""","=""(2,3/2)*""","=""1/2""","=""""","=""0.383772""","=""""","=""0.000006""","=""""","=""                                                    ""","=""L10559c152"""
"=""Cu II (3d9.4s 3D<3>)""","=""Limit""","=""---""","=""""","=""0.3838539""","=""""","=""""","=""""","=""                                                    ""","=""L10559"""
"=""3d9.4s.(3D<2>).11f""","=""*""","=""1/2,3/2""","=""""","=""0.383869""","=""""","=""0.000006""","=""""","=""                                                    ""","=""L10559c152"""
"=""3d9.4s.(3D<2>).14p<3/2>""","=""(2,3/2)*""","=""1/2""","=""""","=""0.384449""","=""""","=""0.000006""","=""""","=""                                                    ""","=""L10559"""
"=""3d9.4s.(3D<2>).12f""","=""*""","=""1/2,3/2""","=""""","=""0.384530""","=""""","=""0.000006""","=""""","=""                                                    ""","=""L10559"""
"=""3d9.4s.(3D<2>).15p<3/2>""","=""(2,3/2)*""","=""1/2""","=""""","=""0.384992""","=""""","=""0.000006""","=""""","=""                                                    ""","=""L10559c152"""
"=""3d9.4s.(3D<2>).13f""","=""*""","=""1/2,3/2""","=""""","=""0.385053""","=""""","=""0.000006""","=""""","=""                                                    ""","=""L10559"""
"=""3d9.4s.(3D<1>).10p""","=""*""","=""1/2""","=""""","=""0.385161""","=""""","=""0.000006""","=""""","=""                                                    ""","=""L10559"""
"=""3d9.4s.(3D<1>).8f<5/2>""","=""(1,5/2)*""","=""3/2""","=""""","=""0.385408""","=""""","=""0.000006""","=""""","=""                                                    ""","=""L10559"""
"=""3d9.4s.(3D<2>).16p<3/2>""","=""(2,3/2)*""","=""1/2""","=""""","=""0.385486""","=""""","=""0.000006""","=""""","=""                                                    ""","=""L10559"""
"=""3d9.4s.(3D<2>).17p<3/2>""","=""(2,3/2)*""","=""1/2""","=""""","=""0.385770""","=""""","=""0.000006""","=""""","=""                                                    ""","=""L10559"""
"=""3d9.4s.(3D<2>).18p<3/2>""","=""(2,3/2)*""","=""1/2""","=""""","=""0.386048""","=""""","=""0.000006""","=""""","=""                                                    ""","=""L10559"""
"=""3d9.4s.(3D<2>).19p<3/2>""","=""(2,3/2)*""","=""1/2""","=""""","=""0.386261""","=""""","=""0.000006""","=""""","=""                                                    ""","=""L10559"""
"=""3d9.4s.(3D<2>).20p<3/2>""","=""(2,3/2)*""","=""1/2""","=""""","=""0.386457""","=""""","=""0.000006""","=""""","=""                                                    ""","=""L10559"""
"=""3d9.4s.(3D<2>).21p<3/2>""","=""(2,3/2)*""","=""1/2""","=""""","=""0.386625""","=""""","=""0.000006""","=""""","=""                                                    ""","=""L10559c152"""
"=""3d9.4s.(3D<1>).11p""","=""*""","=""1/2""","=""""","=""0.386884""","=""""","=""0.000006""","=""""","=""                                                    ""","=""L10559"""
"=""3d9.4s.(3D<1>).9f<5/2>""","=""(1,5/2)*""","=""3/2""","=""""","=""0.387062""","=""""","=""0.000006""","=""""","=""                                                    ""","=""L10559"""
"=""Cu II (3d9.4s 3D<2>)""","=""Limit""","=""---""","=""""","=""0.3880383""","=""""","=""""","=""""","=""                                                    ""","=""L10559"""
"=""3d9.4s.(3D<1>).12p""","=""*""","=""1/2""","=""""","=""0.388107""","=""""","=""0.000007""","=""""","=""                                                    ""","=""L10559"""
"=""3d9.4s.(3D<1>).10f<5/2>""","=""(1,5/2)*""","=""3/2""","=""""","=""0.388243""","=""""","=""0.000007""","=""""","=""                                                    ""","=""L10559"""
"=""3d9.4s.(1D).8p?""","=""2P*""","=""3/2""","=""""","=""0.388742""","=""""","=""0.000007""","=""""","=""                                                    ""","=""L10559"""
"=""3d9.4s.(1D).8p?""","=""2P*""","=""1/2""","=""""","=""0.389550""","=""""","=""0.000007""","=""""","=""                                                    ""","=""L10559"""
"=""3d9.4s.(3D<1>).13p""","=""*""","=""1/2""","=""""","=""0.389051""","=""""","=""0.000007""","=""""","=""                                                    ""","=""L10559"""
"=""3d9.4s.(3D<1>).11f<5/2>""","=""(1,5/2)*""","=""3/2""","=""""","=""0.389114""","=""""","=""0.000007""","=""""","=""                                                    ""","=""L10559"""
"=""3d9.4s.(3D<1>).14p""","=""*""","=""1/2""","=""""","=""0.389727""","=""""","=""0.000007""","=""""","=""                                                    ""","=""L10559c152"""
"=""3d9.4s.(3D<1>).12f<5/2>""","=""(1,5/2)*""","=""3/2""","=""""","=""0.389780""","=""""","=""0.000007""","=""""","=""                                                    ""","=""L10559c152"""
"=""3d9.4s.(3D<1>).15p""","=""*""","=""1/2""","=""""","=""0.390254""","=""""","=""0.000007""","=""""","=""                                                    ""","=""L10559"""
"=""3d9.4s.(3D<1>).13f<5/2>""","=""(1,5/2)*""","=""3/2""","=""""","=""0.390301""","=""""","=""0.000007""","=""""","=""                                                    ""","=""L10559"""
"=""3d9.4s.(3D<1>).16p""","=""*""","=""1/2""","=""""","=""0.390669""","=""""","=""0.000007""","=""""","=""                                                    ""","=""L10559"""
"=""3d9.4s.(3D<1>).14f<5/2>""","=""(1,5/2)*""","=""3/2""","=""""","=""0.390706""","=""""","=""0.000007""","=""""","=""                                                    ""","=""L10559"""
"=""3d9.4s.(3D<1>).17p""","=""*""","=""1/2""","=""""","=""0.391021""","=""""","=""0.000007""","=""""","=""                                                    ""","=""L10559"""
"=""3d9.4s.(3D<1>).18p""","=""*""","=""1/2""","=""""","=""0.391297""","=""""","=""0.000007""","=""""","=""                                                    ""","=""L10559"""
"=""3d9.4s.(3D<1>).19p""","=""*""","=""1/2""","=""""","=""0.391509""","=""""","=""0.000007""","=""""","=""                                                    ""","=""L10559"""
"=""3d9.4s.(3D<1>).20p""","=""*""","=""1/2""","=""""","=""0.391717""","=""""","=""0.000007""","=""""","=""                                                    ""","=""L10559c152"""
"=""3d9.4s.(3D<1>).21p""","=""*""","=""1/2""","=""""","=""0.391872""","=""""","=""0.000007""","=""""","=""                                                    ""","=""L10559c152"""
"=""3d9.4s.(1D).9p?""","=""2P*""","=""3/2""","=""""","=""0.392811""","=""""","=""0.000007""","=""""","=""                                                    ""","=""L10559c152"""
"=""3d9.4s.(1D).9p?""","=""2P*""","=""1/2""","=""""","=""0.393289""","=""""","=""0.000007""","=""""","=""                                                    ""","=""L10559"""
"=""Cu II (3d9.4s 3D<1>)""","=""Limit""","=""---""","=""""","=""0.3932838""","=""""","=""""","=""""","=""                                                    ""","=""L10559"""
"=""3d9.4s.(1D).10p?""","=""2P*""","=""3/2""","=""""","=""0.395402""","=""""","=""0.000007""","=""""","=""                                                    ""","=""L10559"""
"=""3d9.4s.(1D).10p?""","=""2P*""","=""1/2""","=""""","=""0.395711""","=""""","=""0.000007""","=""""","=""                                                    ""","=""L10559"""
"=""3d9.4s.(1D).11p?""","=""2P*""","=""3/2""","=""""","=""0.397153""","=""""","=""0.000007""","=""""","=""                                                    ""","=""L10559c152"""
"=""3d9.4s.(1D).11p?""","=""2P*""","=""1/2""","=""""","=""0.397374""","=""""","=""0.000007""","=""""","=""                                                    ""","=""L10559"""
"=""Cu II (3d9.4s 1D<2>)""","=""Limit""","=""---""","=""""","=""0.4036093""","=""""","=""""","=""""","=""                                                    ""","=""L10559"""
